positive_score,negative_score,neutral_score,open_price,close_price,high_price,low_price,volume,total_words,total_hashtag,class_label
23.33,13.33,63.33,214.05,213.26,214.42,212.51,19362300,972,37,-1
20.69,12.07,67.24,212,213.28,213.97,211.51,23913700,621,60,1
27.78,11.11,61.11,208.39,209.19,209.48,207.32,19188100,756,27,1
20.75,9.43,69.81,206.43,205.7,206.98,204.22,20023000,604,58,-1
20.97,9.68,69.35,210.16,208.74,210.45,207.2,21143400,820,40,-1
20,3.64,76.36,208.5,209.01,209.32,206.66,20990500,653,123,1
18.75,16.67,64.58,204.1,205.53,205.72,203.32,15938800,553,34,1
24.39,19.51,56.1,207.86,204.16,208.55,203.53,25873300,639,59,-1
33.33,10.42,56.25,205.86,206.49,207.19,205.06,26043600,600,48,1
20.69,20.69,58.62,209.43,202.64,212.05,201,46818000,831,40,-1
16.67,18.75,64.58,213.19,212.46,214.44,210.75,22253700,470,64,-1
25.45,20,54.55,212.99,212.64,213.65,211.6,21535400,717,95,1
21.43,23.21,55.36,210.88,210.36,213.35,210.32,26884300,834,42,1
16.67,15,68.33,210.62,210.35,212.73,210.03,24413600,848,62,1
15.38,13.46,71.15,204.28,206.5,207.16,203.84,27620400,689,55,1
31.71,12.2,56.1,203.46,201.74,205.14,199.67,27227400,779,77,-1
22.45,16.33,61.22,203.16,202.75,206.44,202.59,36547400,743,32,-1
23.4,8.51,68.09,201.02,208.97,212.14,200.48,47218500,704,23,1
30.95,19.05,50,199.62,200.48,202.05,199.15,22481900,730,39,-1
17.95,10.26,71.79,201.3,200.99,202.76,199.29,24619700,500,42,-1
31.58,2.63,65.79,200.2,202.66,203.53,199.39,27009500,629,30,1
23.68,39.47,36.84,195.41,198.29,199.56,193.82,33364400,691,63,1
30.56,11.11,58.33,196.31,196.25,198.07,194.04,35824800,640,48,1
15.79,26.32,57.89,197.99,192.61,198.65,192.58,52393000,528,23,-1
12.24,16.33,71.43,205.53,203.25,206.43,201.63,40862100,646,35,-1
21.95,41.46,36.59,213.9,207.64,218.03,206.74,54017900,858,50,-1
10.45,10.45,79.1,208.76,207.99,210.16,207.31,33935700,566,27,-1
17.86,21.43,60.71,208.46,208.89,210.64,208.44,21673400,694,141,1
34.78,4.35,60.87,207.48,206.95,209.73,207.14,17618900,525,32,1
25.58,9.3,65.12,208.89,206.24,209.24,206.73,13909600,722,55,-1
28.95,10.53,60.53,207.67,207.88,209.15,207.17,14991600,586,20,-1
33.96,5.66,60.38,208.46,208.05,208.91,207.29,18355200,717,134,1
25,12.5,62.5,203.65,206.44,207.23,203.61,22277900,704,20,1
16.33,12.24,71.43,205.79,201.82,206.5,202.36,20929300,665,63,-1
25.58,2.33,72.09,204,204.88,205.88,203.7,18540600,804,46,1
31.43,5.71,62.86,204.05,202.58,205.09,203.27,14107500,505,69,-1
26.32,10.53,63.16,204.59,203.73,206.11,203.5,16866800,710,35,-1
22.22,27.78,50,204.09,204.43,205.87,204,16947400,1002,62,1
30,20,50,202.45,202.53,204,202.2,17595200,853,125,1
36.11,11.11,52.78,203.31,200.99,204.39,201.71,20191800,660,75,-1
36.67,10,53.33,201.85,202.46,203.73,201.56,17897100,510,62,1
36.84,10.53,52.63,199.2,200.48,201.51,198.81,20578000,551,52,1
20.45,15.91,63.64,200.81,199.26,201.4,198.41,25338600,524,83,-1
20,13.33,66.67,203.35,203.46,205.08,202.9,17265500,713,29,-1
23.4,8.51,68.09,203.28,203.64,204.44,202.69,11362000,751,55,1
28.89,11.11,60,201.41,201.96,203.13,201.36,16935200,680,52,1
47.37,7.89,44.74,203.17,200.79,204.49,200.65,27253000,760,48,1
22.22,11.11,66.67,198.68,197.17,199.5,197.05,31110600,612,27,-1
38.78,18.37,42.86,200.29,198.98,201.57,199.57,20899700,844,50,-1
31.43,11.43,57.14,197.77,199.04,200.99,197.35,26067500,551,103,1
22.22,8.33,69.44,198.43,194.83,199.26,195.29,21070300,526,73,-1
31.82,15.91,52.27,198.54,197.83,200.16,198.17,18220400,725,113,-1
31.11,11.11,57.78,198.8,198.03,200.85,198.15,47800600,710,58,-1
44.9,18.37,36.73,200.37,198.71,200.61,198.03,21514000,911,121,1
25.64,7.69,66.67,199.68,197.12,199.88,197.31,21124200,715,101,-1
36.17,6.38,57.45,196.05,197.7,200.29,195.21,26551000,784,138,1
27.12,16.95,55.93,192.9,193.16,194.96,192.17,14669100,1039,180,1
35,15,50,191.55,192.01,193.59,190.3,18761500,807,82,-1
15,25,60,194.7,193.42,196.79,193.6,21674600,676,37,-1
26.67,6.67,66.67,193.95,193.45,195.97,193.39,18253200,383,75,-1
36.59,4.88,58.54,194.86,194.07,196,193.6,26932900,746,75,1
28,8,64,191.81,191.85,195.37,191.62,26220900,776,243,1
31.11,13.33,55.56,186.51,189.43,191.92,185.77,30684400,709,51,1
30.77,12.82,56.41,183.08,184.52,185.47,182.15,22526300,561,67,1
31.58,23.68,44.74,184.28,181.85,184.99,181.14,29773400,781,46,1
23.08,33.33,43.59,175.44,178.96,179.83,174.52,30968000,706,45,1
28.3,20.75,50.94,175.6,172.64,177.92,170.27,40396100,893,76,-1
30.77,25,44.23,177.95,177.63,179.23,176.67,21218400,928,57,1
34.29,20,45.71,176.42,176.71,179.35,176,28481200,645,81,-1
22.22,19.44,58.33,178.92,177.56,180.59,177.91,27948200,547,69,-1
24.14,10.34,65.52,180.2,178.29,182.14,178.62,23714700,574,27,-1
32.61,19.57,47.83,179.8,178.98,180.54,177.81,36529700,638,64,-1
26.67,20,53.33,184.66,182.09,185.71,182.55,29748600,566,49,-1
31.58,23.68,44.74,185.22,185.89,188,184.7,28364800,719,76,1
22,20,58,183.52,182.4,184.35,180.28,38612300,723,72,-1
16.28,25.58,58.14,186.93,188.28,190.9,186.76,32879100,731,37,-1
41.03,7.69,51.28,189.91,189.36,192.47,188.84,33031400,578,89,-1
33.33,4.17,62.5,186.27,190.2,191.75,186.02,26544700,655,60,1
21.88,25,53.12,186.41,187.95,189.7,185.41,36529700,493,53,1
26.83,9.76,63.41,187.71,185.02,189.48,182.85,57430600,579,28,-1
13.04,8.7,78.26,197.42,196.43,198.85,192.77,41208700,555,38,-1
34.38,15.62,50,200.4,199.19,201.68,196.66,34908600,513,71,-1
31.11,13.33,55.56,201.9,201.36,205.34,201.75,26339500,564,37,1
18.75,25,56.25,205.88,201.32,207.42,200.83,38763700,391,51,-1
14.71,8.82,76.47,204.29,206.89,208.84,203.5,32443100,479,20,-1
24.49,2.04,73.47,210.89,210.14,211.84,210.23,20892400,798,55,1
27.27,12.73,60,209.84,207.56,212.65,208.13,31996300,905,49,-1
18.75,25,56.25,209.88,208.92,215.31,209.23,64827300,743,64,1
21.05,15.79,63.16,204.4,203.05,205.97,203.86,22204700,662,8,1
19.51,17.07,63.41,204.9,202.75,205,202.12,18649100,584,38,-1
24.32,10.81,64.86,206.83,203.72,207.76,205.12,18543200,639,29,-1
30.56,8.33,61.11,207.36,205.58,208.48,207.05,17540600,578,29,-1
33.33,2.78,63.89,204.43,205.9,207.75,203.9,23323000,478,45,1
26.19,19.05,54.76,202.83,202.97,204.94,202.34,19439500,623,41,1
20,14.29,65.71,203.12,202.31,204.15,202.52,24195800,503,30,1
21.05,7.89,71.05,199.54,201.58,203.38,198.61,28906800,522,35,1
24.14,0,75.86,199.46,197.73,201.37,198.56,25696400,304,49,1
30.56,8.33,61.11,198.58,197.71,199.85,198.01,17536600,505,17,1
13.04,19.57,67.39,199.2,197.36,200.14,196.21,27760700,696,101,-1
23.08,7.69,69.23,200.85,197.44,201,198.44,20900800,525,31,-1
38.1,7.14,54.76,198.68,199.09,200.74,198.18,21695300,671,49,1
24.24,21.21,54.55,200.32,197.98,202.85,199.23,35768200,539,42,-1
31.11,11.11,57.78,196.42,198.58,200.23,196.34,25881700,656,70,1
21.43,7.14,71.43,196.45,195.5,197.1,195.93,18526600,492,30,1
46.43,14.29,39.29,194.79,194.2,196.37,193.14,19114300,492,37,1
24.14,0,75.86,193.25,193.86,196.5,193.15,23271800,286,18,1
18.18,12.12,69.7,191.09,192.54,194.46,191.05,22765700,436,20,1
42.86,11.43,45.71,191.64,189.79,191.68,188.38,27862000,453,30,1
20.51,15.38,64.1,189.83,188.51,190.08,188.54,23564000,620,40,1
28.12,9.38,62.5,188.95,187.28,189.56,187.53,20780400,523,29,1
18.18,13.64,68.18,188.75,187.04,189.76,186.55,29848400,652,48,1
21.15,25,53.85,191.66,185.37,192.88,184.58,49800500,709,66,-1
20.69,10.34,68.97,191.51,187.3,191.98,186.6,43845300,792,29,-1
23.81,23.81,52.38,195.34,189.6,197.69,190.78,42407700,590,52,-1
23.4,12.77,63.83,190.02,193.61,196.33,189.81,51034200,637,23,1
41.94,3.23,54.84,186.23,186.73,189.49,184.73,31035200,595,50,1
13.89,22.22,63.89,188.35,185.11,188.99,185.92,31646400,557,12,-1
23.08,5.13,71.79,185.8,186.59,188.39,185.79,26219800,431,32,1
25,9.38,65.62,184.85,184.7,187.33,183.74,39042900,403,27,1
10,10,80,183.9,182.33,184.1,182.56,23579500,422,42,1
20.83,12.5,66.67,182.25,180.33,183.3,180.92,31032500,743,57,1
22.22,0,77.78,180,179.53,182.67,179.37,32467600,277,42,1
24.24,15.15,60.61,175.49,177.54,179.12,175.35,32011000,433,30,1
35.29,8.82,55.88,170.32,171.59,173.07,169.5,23999400,489,42,1
28.57,7.14,64.29,173.87,171.19,174.44,172.02,24796400,583,25,-1
21.05,10.53,68.42,174.67,173.19,175.49,173.94,20810400,516,41,-1
22.86,14.29,62.86,175.94,174.19,176,174.54,19737400,446,65,-1
24.32,8.11,67.57,175.69,174.51,177.75,173.97,27436200,560,39,1
37.84,5.41,56.76,174.28,173.64,175.15,172.89,25886200,665,34,1
30.3,6.06,63.64,173.21,173.54,175,172.73,27835400,410,19,1
24.24,9.09,66.67,173.71,173,175.3,173.17,17070200,481,28,1
33.33,8.33,58.33,174.16,172.9,175.87,173.95,21873400,563,24,1
35.42,10.42,54.17,171.58,171.65,173,171.38,18913200,1133,43,1
20.51,5.13,74.36,171.8,169.76,172.37,170.3,17249700,633,53,-1
22.22,6.67,71.11,171.19,170.72,173.32,170.99,26114400,596,55,1
38.24,0,61.76,169.71,169.63,171.44,169.49,18972800,546,53,1
53.12,0,46.88,171.25,169.12,171.7,169.75,24626800,488,61,-1
21.15,15.38,63.46,169.71,169.5,171.26,169.38,21835700,635,64,1
27.03,24.32,48.65,171.39,168.89,172.48,169.92,22490200,652,37,-1
32.35,5.88,61.76,170.1,169.59,171,169.7,22283500,487,43,1
31.25,6.25,62.5,171.05,168.14,171.21,169.25,20993400,323,90,-1
26.92,7.69,65.38,168.99,169.11,170.66,168.42,23820000,413,45,1
17.86,7.14,75,172.4,168.92,173.94,170.34,31741700,496,19,-1
36.36,3.03,60.61,174.65,172.18,175.57,172.85,28239600,587,50,1
38.78,6.12,55.1,172.86,172.12,175.08,172.35,36101600,766,63,1
44.12,5.88,50,167.41,169.22,171.66,167.28,31495500,521,26,1
37.78,13.33,48.89,166.96,164.55,168.98,165.93,32668100,699,47,1
13.64,11.36,75,163.25,163.29,166.15,160.23,61109800,573,16,1
24.14,10.34,65.52,156.25,152.85,158.13,154.11,41587200,693,36,-1
24.39,26.83,48.78,155.79,154.45,156.33,153.66,26192100,631,13,-1
32.5,5,62.5,155.48,155.89,158.13,154.32,33535500,571,25,1
40.54,10.81,48.65,154.11,150.89,154.48,151.74,25441500,582,19,-1
20.45,15.91,63.64,154.15,152.1,155.14,151.7,23130600,658,51,1
35.56,8.89,55.56,156.41,151.48,156.73,152.62,30394000,689,22,-1
30.43,8.7,60.87,157.5,154.96,157.88,155.98,33751000,567,13,1
34.62,17.31,48.08,154.2,154.01,157.66,153.26,29821200,803,54,1
12.5,17.5,70,153.08,153.1,155.88,153,30569700,626,20,1
31.71,14.63,53.66,150.27,151.26,153.39,150.05,28710900,512,25,1
18.18,22.73,59.09,150.85,148.22,151.27,149.22,32439200,757,27,-1
43.14,5.88,50.98,152.88,150.49,153.7,151.51,27023200,915,43,-1
20,26,54,152.5,151.98,153.97,150.86,35780700,746,29,1
29.27,14.63,56.1,151.29,151.49,154.53,149.63,45099100,685,34,1
31.03,13.79,55.17,149.56,148.96,151.82,148.52,41025300,1004,33,1
23.33,18.33,58.33,148.7,146.18,148.83,145.9,54777800,832,31,-1
25.42,18.64,55.93,144.53,146.5,148.55,143.8,58607100,888,33,1
24.14,18.97,56.9,143.98,140.51,145.72,142,91312200,790,44,-1
14.29,12.7,73.02,154.89,156.05,158.85,154.23,37039700,887,37,1
23.68,2.63,73.68,157.5,154.38,158.52,154.55,42291400,494,18,1
22.86,17.14,60,155.84,154.3,156.77,150.07,53117100,562,41,-1
25,22.22,52.78,148.3,155.31,157.23,146.72,58582500,711,9,1
20.93,6.98,72.09,148.15,145.09,151.55,146.59,37169200,770,41,-1
19.3,5.26,75.44,156.86,148.94,158.16,149.63,95744600,818,73,-1
18.18,15.91,65.91,160.4,154.97,162.11,155.3,64773000,598,30,-1
26.83,7.32,65.85,166,158.98,167.45,159.09,49047300,545,38,-1
29.73,8.11,62.16,165.38,164.1,167.53,164.39,33841500,607,21,1
28.21,15.38,56.41,165.45,162,168.35,162.73,44287900,694,47,-1
29.27,36.59,34.15,169,163.52,169.08,165.28,40703700,758,52,-1
39.39,3.03,57.58,170.49,168.93,172.57,169.55,31898600,593,41,1
23.81,9.52,66.67,170.4,167.1,171.92,169.02,35627700,790,46,1
27.5,17.5,55,171.66,166.63,171.79,167,47281700,509,11,-1
20.45,15.91,63.64,165,167.59,170.09,163.33,62026000,514,26,1
25,6.82,68.18,173.49,166.49,174.49,168.3,42281600,725,36,-1
25,5,70,171.76,172.65,174.78,170.42,43098400,570,13,-1
32.5,15,52.5,180.95,174.6,182.39,176.27,41344300,655,20,-1
33.33,17.95,48.72,184.46,182.63,184.94,181.21,40802500,693,23,1
21.43,19.05,59.52,182.66,177.42,182.8,177.7,41770000,578,80,-1
27.78,9.26,62.96,176.73,178.8,181.29,174.93,46062500,801,53,1
46.67,11.11,42.22,171.51,172.18,174.77,170.88,41387400,687,23,-1
20.69,10.34,68.97,174.24,172.55,174.95,170.26,44998500,881,17,1
30.61,12.24,57.14,174.94,170.25,176.6,172.1,23624000,817,22,-1
30.77,15.38,53.85,179.73,174.69,180.27,176.55,31124200,828,67,-1
25.86,20.69,53.45,178.37,174.88,181.47,175.51,67825200,933,29,-1
35.09,10.53,54.39,190,183.66,190.7,184.99,41925300,664,45,-1
50,2.17,47.83,190.5,191.24,194.97,189.46,36928300,761,64,1
22.64,11.32,66.04,188.39,189.14,191.97,186.9,46478800,772,59,1
22.81,14.04,63.16,193.9,184.59,194.48,185.93,60801000,756,28,-1
27.5,10,62.5,191.63,189.95,197.18,191.45,46882900,676,20,-1
18.87,22.64,58.49,199,191.87,199.85,193.79,51135500,636,18,-1
41.86,2.33,55.81,205.55,202.05,206.01,202.25,34365800,718,60,-1
31.43,8.57,60,209.98,206.02,210.12,206.75,25362600,553,36,-1
46.34,12.2,41.46,205.97,206.74,210.06,204.13,33424400,607,57,1
38.46,7.69,53.85,201.92,200.66,204.72,201.69,31882900,660,94,1
32.65,16.33,51.02,204.3,198.51,204.39,198.17,66163700,640,27,-1
35.19,18.52,46.3,209.55,204.31,213.65,205.43,91328700,816,53,-1
18.97,20.69,60.34,219.05,218.82,222.36,216.81,58323200,890,19,1
60.87,4.35,34.78,211.15,210.04,215.18,209.27,36660000,758,18,1
11.63,30.23,58.14,219.19,209,219.69,206.09,45935500,604,21,-1
39.66,3.45,56.9,215.9,212.99,220.19,212.67,47258400,976,47,-1
22.22,12.96,64.81,217.71,216.44,221.38,216.75,29855800,640,16,1
33.33,26.67,40,222.6,211.8,224.23,214.54,40925500,779,140,-1
36.96,6.52,56.52,215.83,219.33,223.25,214.7,38767800,791,79,1
22.5,17.5,60,219.79,217.28,223.36,218.94,28792100,572,22,1
27.5,5,67.5,218.06,215.96,221.26,217.43,33078700,585,35,1
29.55,13.64,56.82,217.86,212.72,219.74,213,32581300,635,42,-1
42.42,6.06,51.52,222.3,217.81,222.64,219.34,22885400,588,21,-1
39.47,10.53,50,218.93,218.76,222.99,216.76,29184000,623,32,1
43.59,15.38,41.03,221.16,214.04,221.83,217.27,30791000,543,8,-1
41.46,17.07,41.46,220.42,218.72,222.88,216.84,40337900,658,43,1
46.94,6.12,46.94,214.52,211.17,219.5,212.32,53124400,725,15,-1
27.5,12.5,60,225.46,213.05,226.35,216.05,41990600,590,60,-1
24.32,8.11,67.57,223.64,223.4,227.27,222.25,26891000,530,60,1
26.09,17.39,56.52,222.21,220.35,224.8,220.2,29663900,752,20,-1
47.92,14.58,37.5,227.96,220.86,228.41,220.58,33580500,744,46,-1
23.91,19.57,56.52,230.78,224.51,232.35,226.73,32042000,640,26,-1
53.49,13.95,32.56,230.05,228.52,233.47,229.78,28654800,769,48,1
30.43,4.35,65.22,227.25,225.78,230,226.63,24788200,681,40,1
34.78,8.7,56.52,227.95,223.79,229.42,226.35,23600800,725,77,1
40.82,14.29,44.9,224.79,222.29,225.84,224.02,22929400,820,21,1
44.44,6.67,48.89,223.82,221.51,226.44,223.54,30181200,610,69,1
58.7,10.87,30.43,221,217.05,223.75,219.76,23984700,871,71,-1
31.25,10.42,58.33,219.75,218.79,222.82,219.7,24554400,756,103,1
27.66,14.89,57.45,216.82,217.42,221.26,216.63,27693400,683,93,1
25.53,6.38,68.09,220.78,214.33,221.36,217.29,96246700,580,29,-1
34.69,14.29,51.02,220.24,216.67,222.28,219.15,26608800,691,49,1
32.73,7.27,60,218.5,215.03,219.62,215.3,27123800,866,60,1
37.78,11.11,51.11,217.79,214.91,221.85,217.12,31571700,712,46,1
45.65,17.39,36.96,222.15,214.55,222.95,217.27,37195100,902,32,-1
47.5,10,42.5,225.75,220.42,226.84,222.52,31999300,773,29,-1
25,11.11,63.89,223.52,222.95,228.35,222.57,41706400,520,77,1
35.56,4.44,60,224.94,217.69,225,219.84,49278700,688,52,-1
40.62,15.62,43.75,218.01,220.43,224.3,216.56,35749000,363,59,1
23.08,20.51,56.41,220.95,214.99,221.85,216.47,39516500,602,85,-1
18,18,64,221.85,217.92,225.37,220.71,37619800,827,26,-1
26.67,17.78,55.56,226.23,219.69,227.35,221.3,34290000,751,30,-1
39.39,6.06,54.55,228.99,223.4,229.67,225.1,33333000,578,21,-1
38.78,10.2,51.02,228.41,224.87,229.18,226.63,27390100,720,50,1
14.52,19.35,66.13,223.25,221.59,228.26,222.4,48793800,800,72,1
43.86,7.02,49.12,220.15,219.57,223.49,219.41,27254800,980,55,1
38.89,2.78,58.33,219.01,216.34,220.54,218.92,22776800,547,100,1
37.21,9.3,53.49,217.15,214.61,218.74,216.33,20525100,608,10,1
39.02,12.2,48.78,216.6,212.86,216.9,215.11,18476400,806,18,1
20.93,16.28,62.79,214.65,212.2,217.05,214.6,18883200,774,13,1
45,7.5,47.5,214.1,211.76,216.36,213.84,19018100,598,28,1
25.81,32.26,41.94,216.8,211.75,217.19,214.03,26159800,402,14,-1
32.61,26.09,41.3,218.1,212.17,219.18,215.11,30287700,800,27,-1
32.56,11.63,55.81,213.44,214.26,217.95,213.16,35427000,598,16,1
47.73,4.55,47.73,211.75,210.06,213.81,211.47,28500400,775,107,1
45.65,15.22,39.13,209.22,207.03,210.74,208.33,28807600,770,104,1
27.45,9.8,62.75,210.16,206.54,210.56,208.26,20748000,759,80,1
28.26,10.87,60.87,209.31,205.68,210.95,207.7,25890900,745,109,1
14.71,8.82,76.47,207.36,204.36,209.1,206.67,24611200,345,43,-1
26.67,13.33,60,209.53,204.97,209.78,207.2,23492600,703,15,1
32.69,9.62,57.69,206.05,203.37,207.81,204.52,22525500,665,41,1
16.67,16.67,66.67,209.32,203.23,209.5,206.76,25587400,776,49,-1
18.37,20.41,61.22,208,205.16,209.25,207.07,25425400,796,25,1
29.55,6.82,63.64,207.03,204.1,208.74,205.48,33447400,567,34,1
31.03,12.07,56.9,200.58,203.51,208.38,200.35,62404000,652,45,1
27.12,20.34,52.54,199.13,197.73,201.76,197.31,67935700,817,14,1
22.22,16.67,61.11,191.9,186.35,192.2,189.07,21029500,718,53,-1
42.86,2.04,55.1,194.99,187.4,195.19,190.1,24024000,896,60,-1
37.5,12.5,50,194.61,190.57,195.96,193.61,19076000,642,37,-1
32.73,18.18,49.09,193.06,191.17,194.85,192.43,16709900,773,31,1
27.03,24.32,48.65,192.45,189.39,193.66,192.05,18697900,521,45,1
50.98,3.92,45.1,190.68,188.02,191.96,189.56,15989400,938,41,1
32.56,11.63,55.81,191.78,187.86,192.43,190.17,20676200,719,47,-1
33.33,6.67,60,189.69,188.29,192.55,189.69,20286800,391,95,1
41.46,12.2,46.34,191.78,186.84,191.8,189.93,16393400,724,120,-1
33.33,9.52,57.14,189.75,187.87,191.87,189.2,15534500,655,40,1
36.59,4.88,58.54,191.52,187.34,192.65,190.42,15043100,694,93,-1
59.46,5.41,35.14,191.08,187.75,191.84,190.9,12513900,714,36,1
46.51,4.65,48.84,189.53,187.45,191.41,189.31,18041100,561,52,1
36.36,4.55,59.09,188.5,184.36,189.78,187.61,18831500,967,110,-1
31.11,8.89,60,190.71,186.79,191.28,190.18,15939100,719,70,-1
40.43,14.89,44.68,189.5,187.01,190.68,189.3,19756600,807,115,1
39.53,13.95,46.51,185.42,184.45,188.43,185.2,17485200,549,27,1
44.68,4.26,51.06,185.26,181.93,186.41,184.28,16604200,761,122,1
48.89,11.11,40,187.79,180.48,187.95,183.54,13954800,650,76,-1
23.08,2.56,74.36,183.82,183.68,187.3,183.42,17731300,526,78,1
31.11,8.89,60,186.29,181.64,187.19,182.91,22737700,607,74,-1
43.48,4.35,52.17,184.1,182.03,186.21,183.8,17365200,686,98,1
42.86,14.29,42.86,185.23,180.71,187.28,184.03,25285300,906,96,-1
51.11,8.89,40,182.99,180.98,186.53,182.54,24569200,698,113,1
36,2,62,183.4,178.76,184.92,180.73,31663100,1003,125,-1
44.74,5.26,50,186.12,181.46,186.15,184.7,27200400,577,14,-1
38.78,4.08,57.14,187.25,181.99,188.35,184.94,25711900,621,28,-1
37.78,13.33,48.89,186.35,183.01,187.2,185.73,20628700,663,130,1
41.46,12.2,46.34,185.14,182.21,186.33,183.45,33578500,736,121,-1
41.03,12.82,46.15,187.88,185.21,189.22,187.2,18484900,688,86,-1
38.3,2.13,59.57,190.03,185.3,190.16,188.26,61719200,668,74,-1
43.18,13.64,43.18,191.55,187.23,191.57,190.22,21610100,815,46,1
30.77,17.95,51.28,192.42,187.13,192.88,190.44,21638400,635,110,-1
32.65,6.12,61.22,191.39,188.68,192.61,191.15,16911100,578,66,1
40,11.11,48.89,191.35,187.65,191.97,190.21,18308500,617,79,-1
29.55,9.09,61.36,191.17,188.11,192,189.77,26656800,682,27,-1
40,8,52,194.14,189.84,194.2,192.34,21347200,774,118,-1
31.82,9.09,59.09,193.63,190.35,194.08,191.92,20933600,697,62,1
53.66,7.32,39.02,193.07,189.69,193.94,192.36,21566000,729,42,1
32,2,66,191.64,188.24,193.42,191.35,26266200,631,83,1
46,6,48,187.99,186.68,190.26,187.75,23442500,763,29,1
27.5,12.5,60,187.72,183.99,188,186.78,18690500,656,38,-1
51.11,8.89,40,187.6,184.38,188.75,186.87,22514100,649,89,-1
45.45,4.55,50,188.23,185.05,189.65,187.65,17461000,536,39,1
31.82,36.36,31.82,188.77,184.63,188.84,186.21,23234000,719,119,-1
31.11,8.89,60,186.35,184.83,188.5,185.76,20058400,535,53,1
45.45,12.12,42.42,188.38,183.66,188.88,186.78,15240700,534,24,-1
42,2,56,188,184.12,189.27,186.91,18400800,712,92,1
26.09,6.52,67.39,187.19,182.82,187.81,186.13,18297700,528,41,-1
26.83,7.32,65.85,188,183.49,188.91,186.36,17294000,600,34,-1
45,5,50,186.07,184.66,188.46,186,19183100,695,64,1
32.56,6.98,60.47,186.78,182.95,187.07,185.1,23695200,608,34,-1
22.22,6.67,71.11,189.01,184.63,189.53,187.86,20778800,615,36,-1
41.46,7.32,51.22,189.49,185.06,190.06,187.45,26212200,529,45,-1
29.17,16.67,54.17,187.74,185.77,190.37,187.65,27989300,745,25,1
23.91,10.87,65.22,186.55,183.15,187.4,185.22,23211200,656,19,1
41.86,16.28,41.86,184.99,181.87,186.22,183.67,28402800,759,64,1
36.11,16.67,47.22,185.18,181,187.67,184.75,42451400,585,18,1
26,8,66,178.25,179.7,184.25,178.17,56201300,751,30,1
34.09,13.64,52.27,175.88,172.91,177.5,174.44,34068200,862,93,1
20.37,20.37,59.26,175.23,172.6,177.75,173.8,66539400,720,27,1
25.4,9.52,65.08,166.41,165.3,169.2,165.27,53569400,710,18,1
38.46,7.69,53.85,164,158.67,164.33,160.63,35655800,817,29,-1
20.83,4.17,75,164.12,160.53,165.73,163.37,27963000,674,81,1
22.41,13.79,63.79,162.62,159.97,165.42,162.41,28382100,784,131,1
25,13.64,61.36,165.67,159.28,166.33,161.22,33692000,553,58,-1
22.73,13.64,63.64,166.83,161.52,166.92,164.09,36515500,612,86,-1
17.65,21.57,60.78,170.6,161.99,171.22,165.43,65491100,701,39,-1
29.79,10.64,59.57,173.76,168.91,175.39,172.66,34808800,682,57,-1
21.88,3.12,75,177.81,173.84,178.82,176.88,20754500,396,63,-1
24.49,10.2,65.31,176.49,174.23,178.94,176.41,26605400,752,69,1
20.93,2.33,76.74,175.03,171.87,176.19,174.83,21578400,468,36,1
11.54,9.62,78.85,174.78,170.8,175.84,173.85,25124300,540,128,1
33.93,26.79,39.29,173.41,170.22,175,173.04,22889300,1239,19,1
32.61,6.52,60.87,172.23,168.56,173.92,171.7,22431600,623,68,-1
16.13,3.23,80.65,173,169.35,174,171.53,28408600,314,58,1
36.36,4.55,59.09,169.88,166.23,173.09,169.85,29017700,542,54,1
20,2.22,77.78,170.97,164.59,172.48,168.2,35005300,466,56,-1
26.83,2.44,70.73,172.58,168.91,174.23,172.08,26933200,470,25,1
27.03,10.81,62.16,164.88,167.75,172.01,164.77,34605500,480,18,1
28.95,7.89,63.16,167.64,164.6,168.75,164.88,30278000,566,23,1
30.77,7.69,61.54,166.64,162.93,168.94,164.47,37586800,662,29,-1
36.36,6.82,56.82,167.81,164.01,171.75,166.9,38398500,512,14,1
19.7,24.24,56.06,167.25,162.74,170.02,165.19,41668500,835,35,-1
29.27,17.07,53.66,173.68,164.55,175.15,166.92,40922600,507,33,-1
39.02,7.32,53.66,168.07,168.88,173.1,166.44,37541200,443,21,1
21.05,10.53,68.42,168.39,161.23,169.92,164.94,41028800,553,55,-1
20,25,55,170,165.05,172.68,168.6,41490800,586,20,-1
24.53,9.43,66.04,175.04,167.42,175.09,171.26,37054900,682,20,-1
43.9,4.88,51.22,175.24,171.3,176.8,174.94,19649400,516,32,-1
21.15,13.46,65.38,177.32,171.36,177.47,173.66,33446800,695,43,-1
27.5,5,67.5,178.65,174.02,179.12,177.62,39404700,511,31,-1
30.36,14.29,55.36,178.5,174.63,180.24,178.07,22743800,763,53,1
26.09,15.22,58.7,180.32,174.43,180.52,177.81,29368400,715,28,-1
26.32,8.77,64.91,182.59,175.92,183.5,179.24,31693500,815,82,-1
30.43,10.87,58.7,180.29,177.63,182.39,180.21,32207100,606,37,1
19.05,11.9,69.05,177.96,175.93,180,177.39,32185200,560,34,1
35.14,5.41,59.46,175.48,172.96,177.12,175.07,23774100,533,38,1
15.62,15.62,68.75,174.94,171.09,175.85,174.27,31703500,400,29,-1
22,12,66,177.91,172.7,178.25,176.13,23788500,758,44,-1
33.33,10.42,56.25,175.21,172.84,177.74,174.52,28401400,670,28,1
29.41,8.82,61.76,172.8,172.25,176.3,172.45,38454000,536,52,1
21.05,2.63,76.32,178.54,171.06,179.78,172.66,48802000,467,65,-1
22,8,70,179.1,174.38,180.48,178.16,38928100,625,52,-1
24.24,15.15,60.61,176.35,174.94,179.39,176.21,38162200,467,43,1
21.95,9.76,68.29,173.67,171.55,175.65,173.54,33812400,592,39,1
19.51,9.76,70.73,171.8,168.62,173.95,171.71,30991900,555,32,1
27.45,9.8,62.75,172.83,167.22,174.12,171.01,37471600,699,38,-1
19.44,5.56,75,172.05,167.98,174.26,171.42,33930500,441,36,-1
22.45,12.24,65.31,172.36,168.55,174.82,171.77,40176100,750,40,-1
30.56,11.11,58.33,169.79,169.1,173.09,169,51147200,675,15,1
18.52,12.96,68.52,163.04,163.61,167.54,162.88,40644900,699,26,1
24.44,13.33,62.22,161.95,160.64,164.75,161.65,32549200,683,34,1
23.08,5.13,71.79,158.5,159.05,163.89,157.51,60819500,477,29,1
23.08,12.82,64.1,157.07,152.89,157.89,150.24,70672600,586,28,1
26.83,9.76,63.41,160.29,151.04,161,155.03,54390500,471,20,-1
25.64,23.08,51.28,163.09,155.32,163.4,159.07,51608600,552,16,-1
17.39,15.22,67.39,154.83,158.72,163.72,154,68243800,613,50,1
31.91,19.15,48.94,159.1,152.35,163.88,156,72738500,860,27,-1
27.08,12.5,60.42,166,156.25,166.8,160.1,86593800,748,14,-1
34.04,4.26,61.7,167.17,163.34,168.62,166.76,47230800,528,18,1
35.42,20.83,43.75,165.53,162.55,167.37,164.7,46048200,735,56,-1
23.53,27.45,49.02,170.16,163.52,170.16,167.07,50640400,796,84,-1
25,0,75,172,166.97,172,170.06,39143000,261,12,1
30.95,11.9,57.14,174.51,166.58,174.95,170.53,41529000,602,38,-1
23.81,9.52,66.67,177.25,169.61,177.3,173.2,51105100,482,16,-1
27.66,6.38,65.96,177.3,172.36,179.44,176.82,32689100,751,59,1
30.77,17.31,51.92,177.3,172.32,177.78,176.6,27108600,643,32,-1
29.41,9.8,60.78,178.61,173.74,179.58,177.41,32425100,890,107,-1
21.28,17.02,61.7,179.37,174.52,180.1,178.25,31193400,668,48,1
22.45,10.2,67.35,176.15,174.36,179.25,175.07,34386800,612,39,1
26.19,14.29,59.52,177.9,171.53,179.39,176.14,29565900,463,41,-1
34.78,6.52,58.7,176.18,172.4,177.36,175.65,25418100,564,20,1
31.25,16.67,52.08,174.59,170.64,175.49,174.49,18667700,707,36,1
26.67,11.11,62.22,173.16,169.68,174.3,173,23959900,611,45,-1
26.19,19.05,54.76,174.55,169.72,175.06,173.41,21584000,571,47,-1
23.4,8.51,68.09,174.35,169.74,175.61,173.93,20567800,550,95,-1
53.85,10.26,35.9,173.44,170.37,175.37,173.05,23660000,724,22,1
39.02,9.76,51.22,172.54,168.45,173.47,172.08,22434600,485,45,1
24.56,26.32,49.12,172.53,167.67,174.55,171.96,29517900,866,52,-1
44.74,26.32,28.95,170.16,167.7,172.3,169.26,25555900,560,49,1
